{"cameraMode":{"drawMode":0,"name":"Shaded","section":"Shading Mode"},"sceneLighting":true,"audioPlay":false,"sceneViewState":{"showFog":true,"showMaterialUpdate":false,"showSkybox":true,"showFlares":true,"showImageEffects":true,"showParticleSystems":true},"in2DMode":false,"pivot":{"x":0.11433221399784088,"y":1.9470847845077515,"z":0.7286092638969421},"rotation":{"x":-0.2548833191394806,"y":-0.23304283618927003,"z":0.0636366456747055,"w":-0.9363713264465332},"size":0.6140574216842651,"orthographic":false}