{"cameraMode":{"drawMode":0,"name":"Shaded","section":"Shading Mode"},"sceneLighting":true,"audioPlay":false,"sceneViewState":{"showFog":true,"showMaterialUpdate":false,"showSkybox":true,"showFlares":true,"showImageEffects":true,"showParticleSystems":true},"in2DMode":false,"pivot":{"x":2.8072891235351564,"y":1.8540663719177247,"z":0.8873062133789063},"rotation":{"x":-0.0985875204205513,"y":-0.8555145263671875,"z":0.17734295129776,"w":-0.4764847755432129},"size":4.3447184562683109,"orthographic":false}